<?xml version="1.0" encoding="UTF-8" standalone="yes"?>
<addon id="plugin.video.adulthideout" name="AdultHideout" version="1.0.0" provider-name="Vashiel">
    <extension point="xbmc.python.pluginsource" library="default.py">
        <provides>video</provides>
    </extension>
    <extension point="xbmc.addon.metadata">
        <settingfile>resources/settings.xml</settingfile>
        <news>
v 1.0.0 — 2025-08-02
- Core refactor: unified HTTP/parsing/playback in BaseWebsite
- 6 new adapters: DaftPorn, ePorner, MissAV, Pornhub, PornTN (+ decoder), TubePornClassic (+ decoder)
- Removed legacy scripts (functions.py, search.py, content.py, queries.py, old website modules) and JSON caches
- Long changelog on Github
        </news>
        <summary>[COLOR red]XXX[/COLOR] Porn videos</summary>
        <description>
Internet [COLOR red]XXX Porn Video[COLOR white] Streams.

[COLOR red][B]WARNING:[/B][COLOR red]Only for adults[/COLOR]    

[COLOR white]Github:
https://github.com/Vashiel/repository.adulthideout
[/COLOR]    
        </description>
        <disclaimer></disclaimer>    
        <platform>all</platform>
        <license>http://www.gnu.org/licenses/</license>
        <forum></forum>
        <website></website>    
        <email></email>
        <mainsource>https://github.com/Vashiel/repository.adulthideout</mainsource>    
        <source></source>         
        <assets>
            <icon>resources/logos/icon.png</icon>
            <fanart>resources/logos/fanart.jpg</fanart>
        </assets>
    </extension>
</addon>