<?xml version="1.0" encoding="UTF-8" standalone="yes"?>
<addon id="plugin.video.adulthideout" name="AdultHideout" version="0.7.9" provider-name="Vashiel">
    <requires>
    </requires>
    <extension point="xbmc.python.pluginsource"
               library="default.py">
        <provides>video</provides>
    </extension>
    <extension point="xbmc.addon.metadata">
        <news>
v 0.7.9 09-07-2017 - fixed Youporn.com - fixed Yes.xxx - fixed Datoporn.com - fixed Xvideos.com Categories, Pornstars, added ranking - fixed Redtube.com, added sorting, channels, etc. - minor fixes, Fanart, Kodi 18 ready, etc..
        </news>
        <summary>[COLOR red]XXX[/COLOR] Porn videos</summary>
        <description>
Internet [COLOR red]XXX Porn Video[COLOR white] Streams.
    
[COLOR red][B]WARNING:[/B][COLOR red]Only for adults[/COLOR]	

[COLOR white]Github:
https://github.com/Vashiel/repository.adulthideout

Email:
adulthideout@yandex.com[/COLOR]	

		</description>
		<disclaimer>
		</disclaimer>	
		<platform>all</platform>
		<license>http://www.gnu.org/licenses/</license>
		<forum></forum>
		<website></website>    
		<email></email>
		<mainsource>https://github.com/Vashiel/repository.adulthideout</mainsource>    
		<source></source> 		
    </extension>
</addon>
