<?xml version="1.0" encoding="UTF-8" standalone="yes"?>
<addon id="plugin.video.adulthideout" name="AdultHideout" version="0.9.81-beta8" provider-name="Vashiel">
    <requires>
        <import addon="script.module.requests" version="2.31.0"/>
        <import addon="script.module.resolveurl" version="5.1.65"/>
        <import addon="inputstream.adaptive" optional="true"/>
    </requires>
    <extension point="xbmc.python.pluginsource" library="default.py">
        <provides>video</provides>
    </extension>
    <extension point="xbmc.addon.metadata">
        <settingfile>resources/settings.xml</settingfile>
        <news>
v 0.9.81-beta8 30.09.2024
- fixed Heavy_r (didn't work with Android)
- experimenting a lot
        </news>
        <summary>[COLOR red]XXX[/COLOR] Porn videos</summary>
        <description>
Internet [COLOR red]XXX Porn Video[COLOR white] Streams.

[COLOR red][B]WARNING:[/B][COLOR red]Only for adults[/COLOR]    

[COLOR white]Github:
https://github.com/Vashiel/repository.adulthideout
[/COLOR]    
        </description>
        <disclaimer></disclaimer>    
        <platform>all</platform>
        <license>http://www.gnu.org/licenses/</license>
        <forum></forum>
        <website></website>    
        <email></email>
        <mainsource>https://github.com/Vashiel/repository.adulthideout</mainsource>    
        <source></source>         
        <assets>
            <icon>resources/logos/icon.png</icon>
            <fanart>resources/logos/fanart.jpg</fanart>
        </assets>
    </extension>
</addon>