<?xml version="1.0" encoding="UTF-8" standalone="yes"?>
<addon id="repository.adulthideout" name="AdultHideout REPO" version="1.0.4" provider-name="Vashiel">
  <extension point="xbmc.addon.repository" name="AdultHideout Addon Repository">
    <dir maxversion="20.9.0">
      <info compressed="false">https://github.com/Vashiel/repository.adulthideout/raw/master/addons.xml</info>
      <checksum>https://github.com/Vashiel/repository.adulthideout/raw/master/addons.xml.md5</checksum>
      <datadir zip="true">https://github.com/Vashiel/repository.adulthideout/raw/master/zips</datadir>
      <hashes>false</hashes>
    </dir>
    <dir minversion="21.0.0">
      <info compressed="false">https://github.com/Vashiel/repository.adulthideout/raw/master/addons.xml</info>
      <checksum>https://github.com/Vashiel/repository.adulthideout/raw/master/addons.xml.md5</checksum>
      <datadir zip="true">https://github.com/Vashiel/repository.adulthideout/raw/master/zips</datadir>
      <hashes>false</hashes>
    </dir>
  </extension>
  <extension point="xbmc.addon.metadata">
    <summary>AdultHideout Addon Repository</summary>
    <description>Hosts AdultHideout v1.0.0 “Jubilee” – complete refactor, six new adapters, cleaned-up codebase and legacy removal.</description>
    <platform>all</platform>
    <assets>
      <icon>resources/icon.png</icon>
      <fanart>resources/fanart.jpg</fanart>
    </assets>
  </extension>
</addon>
