<?xml version="1.0" encoding="UTF-8" standalone="yes"?>
<addon id="plugin.video.adulthideout" name="AdultHideout" version="1.0.4" provider-name="Vashiel">
    <extension point="xbmc.python.pluginsource" library="default.py">
        <provides>video</provides>
    </extension>
    <extension point="xbmc.addon.metadata">
        <settingfile>resources/settings.xml</settingfile>
        <news>
v. 1.0.4 "Gonzales" - 2025-11-25
- Added new sites: DarknessPorn, FullXCinema, NoodleMagazine, PornZog, PunishWorld, ShemaleZ, VJAV, VoyeurHit, YouPorn
- Reduced video startup latency by removing redundant stream pre-checks
- Increased internal proxy buffer size for smoother seeking and reduced buffering
- Fixed "Play from here" (playlist) functionality for proxy-based sites (e.g., DarknessPorn, PunishWorld)
- Reorganized settings menu into categories (General, Sites, Filters)
- Added specific filter options for Ashemaletube (Country, Body attributes)
- MissAV: Rewritten parser and session handling for improved stability
- Rule34Video: Updated for new site layout; added content type filters (Straight/Gay/Futa)
- XNXX and LuxureTV: Fixed sorting, search, and navigation issues
- General: Implemented unified proxy logic (proxy_utils) for better stability on Cloudflare-protected sites
        </news>
        <summary>[COLOR red]XXX[/COLOR] Porn videos</summary>
        <description>
Internet [COLOR red]XXX Porn Video[COLOR white] Streams.

[COLOR red][B]WARNING:[/B][COLOR red]Only for adults[/COLOR]    

[COLOR white]Github:
https://github.com/Vashiel/repository.adulthideout
[/COLOR]    
        </description>
        <disclaimer></disclaimer>    
        <platform>all</platform>
        <license>http://www.gnu.org/licenses/</license>
        <forum></forum>
        <website></website>    
        <email></email>
        <mainsource>https://github.com/Vashiel/repository.adulthideout</mainsource>    
        <source></source>         
        <assets>
            <icon>resources/logos/icon.png</icon>
            <fanart>resources/logos/fanart.jpg</fanart>
        </assets>
    </extension>
</addon>