<?xml version="1.0" encoding="UTF-8" standalone="yes"?>
<addon id="plugin.video.adulthideout" name="AdultHideout" version="1.0.2" provider-name="Vashiel">
    <extension point="xbmc.python.pluginsource" library="default.py">
        <provides>video</provides>
    </extension>
    <extension point="xbmc.addon.metadata">
        <settingfile>resources/settings.xml</settingfile>
        <news>
v 1.0.2 - 2024-10-02
- Fixed: Completely reworked the MissAV adapter to fix all issues with video listing and playback after major website changes.
- Fixed: MissAV - Reworked the entire actress filtering system (now supports multi-filtering, UI updates, and reset).
        </news>
        <summary>[COLOR red]XXX[/COLOR] Porn videos</summary>
        <description>
Internet [COLOR red]XXX Porn Video[COLOR white] Streams.

[COLOR red][B]WARNING:[/B][COLOR red]Only for adults[/COLOR]    

[COLOR white]Github:
https://github.com/Vashiel/repository.adulthideout
[/COLOR]    
        </description>
        <disclaimer></disclaimer>    
        <platform>all</platform>
        <license>http://www.gnu.org/licenses/</license>
        <forum></forum>
        <website></website>    
        <email></email>
        <mainsource>https://github.com/Vashiel/repository.adulthideout</mainsource>    
        <source></source>         
        <assets>
            <icon>resources/logos/icon.png</icon>
            <fanart>resources/logos/fanart.jpg</fanart>
        </assets>
    </extension>
</addon>